SKU,Stock
TPBPBLK36,1
TPBPBLK37,1
TPBPBLK38,1
TPBPBLK39,0
TPBPBLK40,0
TPBPBLK41,0
TPSPBLK36,3
TPSPBLK37,3
TPSPBLK38,4
TPSPBLK39,3
TPSPBLK40,0
TPSPBLK41,0
TPBPPEW36,1
TPBPPEW37,0
TPBPPEW38,0
TPBPPEW39,0
TPBPPEW40,0
TPBPPEW41,0
TPSPPEW36,1
TPSPPEW37,1
TPSPPEW38,2
TPSPPEW39,2
TPSPPEW40,1
TPSPPEW41,0
TPBPGRY36,1
TPBPGRY37,0
TPBPGRY38,0
TPBPGRY39,0
TPBPGRY40,0
TPBPGRY41,0
TPSPGRY36,1
TPSPGRY37,1
TPSPGRY38,2
TPSPGRY39,1
TPSPGRY40,0
TPSPGRY41,2
TPBPGLD36,1
TPBPGLD37,0
TPBPGLD38,0
TPBPGLD39,0
TPBPGLD40,0
TPBPGLD41,1
TPSPGLD36,2
TPSPGLD37,3
TPSPGLD38,1
TPSPGLD39,1
TPSPGLD40,1
TPSPGLD41,0
TPBPBWN36,1
TPBPBWN37,0
TPBPBWN38,0
TPBPBWN39,0
TPBPBWN40,1
TPBPBWN41,2
TPSPBWN36,1
TPSPBWN37,1
TPSPBWN38,2
TPSPBWN39,1
TPSPBWN40,1
TPSPBWN41,1
TPBEBLK36,1
TPBEBLK37,0
TPBEBLK38,0
TPBEBLK39,1
TPBEBLK40,0
TPBEBLK41,2
TPSEBLK36,1
TPSEBLK37,1
TPSEBLK38,0
TPSEBLK39,1
TPSEBLK40,1
TPSEBLK41,1
TPBEPEW36,1
TPBEPEW37,3
TPBEPEW38,0
TPBEPEW39,0
TPBEPEW40,0
TPBEPEW41,0
TPSEPEW36,1
TPSEPEW37,2
TPSEPEW38,0
TPSEPEW39,1
TPSEPEW40,1
TPSEPEW41,0
TPBEGRY36,1
TPBEGRY37,0
TPBEGRY38,0
TPBEGRY39,0
TPBEGRY40,1
TPBEGRY41,1
TPSEGRY36,1
TPSEGRY37,1
TPSEGRY38,0
TPSEGRY39,0
TPSEGRY40,0
TPSEGRY41,1
TPBEBRZ36,1
TPBEBRZ37,3
TPBEBRZ38,0
TPBEBRZ39,0
TPBEBRZ40,1
TPBEBRZ41,1
TPSEBRZ36,2
TPSEBRZ37,1
TPSEBRZ38,1
TPSEBRZ39,1
TPSEBRZ40,1
TPSEBRZ41,0
TPBLBLK36,1
TPBLBLK37,1
TPBLBLK38,0
TPBLBLK39,0
TPBLBLK40,1
TPBLBLK41,1
TPSLBLK36,2
TPSLBLK37,1
TPSLBLK38,2
TPSLBLK39,1
TPSLBLK40,3
TPSLBLK41,1
TPBLPEW36,0
TPBLPEW37,0
TPBLPEW38,0
TPBLPEW39,0
TPBLPEW40,0
TPBLPEW41,0
TPSLPEW36,2
TPSLPEW37,0
TPSLPEW38,2
TPSLPEW39,2
TPSLPEW40,1
TPSLPEW41,0
TPBLGRY36,0
TPBLGRY37,1
TPBLGRY38,0
TPBLGRY39,0
TPBLGRY40,2
TPBLGRY41,0
TPSLGRY36,2
TPSLGRY37,4
TPSLGRY38,1
TPSLGRY39,1
TPSLGRY40,1
TPSLGRY41,0
TPBLBRZ36,1
TPBLBRZ37,1
TPBLBRZ38,0
TPBLBRZ39,0
TPBLBRZ40,0
TPBLBRZ41,1
TPSLBRZ36,2
TPSLBRZ37,2
TPSLBRZ38,0
TPSLBRZ39,0
TPSLBRZ40,0
TPSLBRZ41,1
TPBLBLU36,0
TPBLBLU37,0
TPBLBLU38,0
TPBLBLU39,0
TPBLBLU40,1
TPBLBLU41,0
TPSLBLU36,1
TPSLBLU37,1
TPSLBLU38,0
TPSLBLU39,3
TPSLBLU40,1
TPSLBLU41,0
TPBLGLD36,0
TPBLGLD37,0
TPBLGLD38,0
TPBLGLD39,0
TPBLGLD40,1
TPBLGLD41,1
TPSLGLD36,0
TPSLGLD37,1
TPSLGLD38,1
TPSLGLD39,1
TPSLGLD40,1
TPSLGLD41,1
LDBLBLK36,1
LDBLBLK37,1
LDBLBLK38,1
LDBLBLK39,0
LDBLBLK40,0
LDBLBLK41,1
LDBLBLK36,2
LDBLBLK37,0
LDBLBLK38,1
LDBLBLK39,1
LDBLBLK40,2
LDBLBLK41,1
LDBLPEW36,0
LDBLPEW37,1
LDBLPEW38,0
LDBLPEW39,0
LDBLPEW40,0
LDBLPEW41,1
LDSLPEW36,0
LDSLPEW37,1
LDSLPEW38,1
LDSLPEW39,1
LDSLPEW40,1
LDSLPEW41,1
LDBLLG36,1
LDBLLG37,0
LDBLLG38,0
LDBLLG39,0
LDBLLG40,0
LDBLLG41,0
LDSLLG36,1
LDSLLG37,2
LDSLLG38,1
LDSLLG39,3
LDSLLG40,0
LDSLLG41,1
LDBLBRZ36,1
LDBLBRZ37,0
LDBLBRZ38,0
LDBLBRZ39,0
LDBLBRZ40,0
LDBLBRZ41,0
LDSLBRZ36,1
LDSLBRZ37,0
LDSLBRZ38,2
LDSLBRZ39,1
LDSLBRZ40,1
LDSLBRZ41,0
LDBLBLU36,0
LDBLBLU37,0
LDBLBLU38,0
LDBLBLU39,0
LDBLBLU40,0
LDBLBLU41,0
LDSLBLU36,1
LDSLBLU37,1
LDSLBLU38,4
LDSLBLU39,0
LDSLBLU40,1
LDSLBLU41,0
LDLBGLD36,0
LDLBGLD37,1
LDLBGLD38,0
LDLBGLD39,0
LDLBGLD40,0
LDLBGLD41,0
LDLSGLD36,1
LDLSGLD37,1
LDLSGLD38,1
LDLSGLD39,1
LDLSGLD40,1
LDLSGLD41,1
LANBBLK36,1
LANBBLK37,1
LANBBLK38,0
LANBBLK39,0
LANBBLK40,2
LANBBLK41,2
LANSBLK36,2
LANSBLK37,2
LANSBLK38,0
LANSBLK39,0
LANSBLK40,1
LANSBLK41,0
LANBPEW36,2
LANBPEW37,2
LANBPEW38,0
LANBPEW39,0
LANBPEW40,1
LANBPEW41,1
LANSPEW36,2
LANSPEW37,2
LANSPEW38,1
LANSPEW39,2
LANSPEW40,1
LANSPEW41,2
LANBLGR36,1
LANBLGR37,2
LANBLGR38,0
LANBLGR39,0
LANBLGR40,1
LANBLGR41,2
LANSLGR36,2
LANSLGR37,2
LANSLGR38,1
LANSLGR39,1
LANSLGR40,1
LANSLGR41,1
LANBBRZ36,1
LANBBRZ37,1
LANBBRZ38,0
LANBBRZ39,0
LANBBRZ40,2
LANBBRZ41,2
LANSBRZ36,1
LANSBRZ37,2
LANSBRZ38,1
LANSBRZ39,2
LANSBRZ40,2
LANSBRZ41,1
KELBBLK36,1
KELBBLK37,1
KELBBLK38,1
KELBBLK39,1
KELBBLK40,1
KELBBLK41,0
KELSBLK36,1
KELSBLK37,1
KELSBLK38,1
KELSBLK39,0
KELSBLK40,1
KELSBLK41,1
KELBPEW36,1
KELBPEW37,3
KELBPEW38,0
KELBPEW39,0
KELBPEW40,1
KELBPEW41,0
KELSPEW36,1
KELSPEW37,1
KELSPEW38,1
KELSPEW39,1
KELSPEW40,1
KELSPEW41,1
KELBLGR36,1
KELBLGR37,1
KELBLGR38,1
KELBLGR39,0
KELBLGR40,1
KELBLGR41,1
KELSLGR36,1
KELSLGR37,1
KELSLGR38,1
KELSLGR39,0
KELSLGR40,1
KELSLGR41,1
KELBBRZ36,1
KELBBRZ37,0
KELBBRZ38,1
KELBBRZ39,0
KELBBRZ40,1
KELBBRZ41,0
KELSBRZ36,1
KELSBRZ37,1
KELSBRZ38,0
KELSBRZ39,1
KELSBRZ40,1
KELSBRZ41,1
WEDHSBLK36,1
WEDHSBLK37,0
WEDHSBLK38,0
WEDHSBLK39,0
WEDHSBLK40,1
WEDHSBLK41,0
WEDHSBLU36,1
WEDHSBLU37,1
WEDHSBLU38,1
WEDHSBLU39,0
WEDHSBLU40,1
WEDHSBLU41,1
WEDHSLGRY36,0
WEDHSLGRY37,0
WEDHSLGRY38,0
WEDHSLGRY39,0
WEDHSLGRY40,1
WEDHSLGRY41,1
LBABBRZ36,0
LBABBRZ37,0
LBABBRZ38,0
LBABBRZ39,0
LBABBRZ40,0
LBABBRZ41,0
LBASBRZ36,1
LBASBRZ37,1
LBASBRZ38,2
LBASBRZ39,1
LBASBRZ40,2
LBASBRZ41,0
LBABLGRY36,1
LBABLGRY37,1
LBABLGRY38,0
LBABLGRY39,0
LBABLGRY40,1
LBABLGRY41,1
LBASLGREY36,1
LBASLGREY37,1
LBASLGREY38,2
LBASLGREY39,1
LBASLGREY40,2
LBASLGREY41,0
LBABGLD36,0
LBABGLD37,1
LBABGLD38,0
LBABGLD39,0
LBABGLD40,1
LBABGLD41,0
LBASGLD36,0
LBASGLD37,2
LBASGLD38,2
LBASGLD39,2
LBASGLD40,2
LBASGLD41,0
BARBBLK40,1
BARBBLK41,1
BARBBLK42,1
BARBBLK43,0
BARBBLK44,1
BARBBLK45,0
BARBBLK46,0
BARBBLU40,3
BARBBLU41,1
BARBBLU42,2
BARBBLU43,0
BARBBLU44,0
BARBBLU45,0
BARBBLU46,1
BARBGRY40,1
BARBGRY41,1
BARBGRY42,0
BARBGRY43,1
BARBGRY44,0
BARBGRY45,0
BARBGRY46,9
BARBBRW40,1
BARBBRW41,0
BARBBRW42,1
BARBBRW43,0
BARBBRW44,0
BARBBRW45,1
BARBBRW46,1
DURSBBLK40,0
DURSBBLK41,2
DURSBBLK42,1
DURSBBLK43,0
DURSBBLK44,0
DURSBBLK45,1
DURSBBLK46,0
DURSBBRW40,0
DURSBBRW41,2
DURSBBRW42,0
DURSBBRW43,0
DURSBBRW44,5
DURSBBRW45,1
DURSBBRW46,2
DURSBGRY40,0
DURSBGRY41,2
DURSBGRY42,0
DURSBGRY43,0
DURSBGRY44,2
DURSBGRY45,0
DURSBGRY46,0
DURSEBBLK40,1
DURSEBBLK41,0
DURSEBBLK42,0
DURSEBBLK43,1
DURSEBBLK44,1
DURSEBBLK45,2
DURSEBBLK46,1
DURSEBBLU40,1
DURSEBBLU41,1
DURSEBBLU42,0
DURSEBBLU43,0
DURSEBBLU44,1
DURSEBBLU45,0
DURSEBBLU46,1
DURESBGRY40,0
DURESBGRY41,1
DURESBGRY42,0
DURESBGRY43,1
DURESBGRY44,0
DURESBGRY45,1
DURESBGRY46,1
MONTBBLK40,1
MONTBBLK41,0
MONTBBLK42,0
MONTBBLK43,0
MONTBBLK44,0
MONTBBLK45,0
MONTBBLK46,1
MONTBBRW40,1
MONTBBRW41,2
MONTBBRW42,2
MONTBBRW43,0
MONTBBRW44,1
MONTBBRW45,0
MONTBBRW46,0
MONTBLGRY40,1
MONTBLGRY41,2
MONTBLGRY42,1
MONTBLGRY43,0
MONTBLGRY44,2
MONTBLGRY45,1
MONTBLGRY46,0
MONTEBBLK40,1
MONTEBBLK41,0
MONTEBBLK42,1
MONTEBBLK43,0
MONTEBBLK44,1
MONTEBBLK45,2
MONTEBBLK46,1
MONTEBBLU40,1
MONTEBBLU41,1
MONTEBBLU42,1
MONTEBBLU43,1
MONTEBBLU44,2
MONTEBBLU45,0
MONTEBBLU46,1
MONTEBLGRY40,1
MONTEBLGRY41,1
MONTEBLGRY42,1
MONTEBLGRY43,1
MONTEBLGRY44,1
MONTEBLGRY45,3
MONTEBLGRY46,1
